{"cameraMode":{"drawMode":0,"name":"Shaded","section":"Shading Mode"},"sceneLighting":false,"audioPlay":false,"sceneViewState":{"m_AlwaysRefresh":false,"showFog":true,"showSkybox":false,"showFlares":true,"showImageEffects":true,"showParticleSystems":true,"showVisualEffectGraphs":true,"m_FxEnabled":true},"in2DMode":false,"pivot":{"x":0.6629999876022339,"y":1.9529999494552613,"z":1.184999942779541},"rotation":{"x":-0.044276997447013858,"y":0.7128636837005615,"z":-0.0451933816075325,"w":-0.6984716653823853},"size":0.08660256117582321,"orthographic":false}