{"cameraMode":{"drawMode":0,"name":"Shaded","section":"Shading Mode"},"sceneLighting":true,"audioPlay":false,"sceneViewState":{"m_AlwaysRefresh":false,"showFog":true,"showSkybox":true,"showFlares":true,"showImageEffects":true,"showParticleSystems":true,"showVisualEffectGraphs":true,"m_FxEnabled":true},"in2DMode":false,"pivot":{"x":-7.3710527420043949,"y":-0.4843916893005371,"z":2.6630020141601564},"rotation":{"x":0.3024350106716156,"y":0.057454220950603488,"z":-0.018236631527543069,"w":0.9513022899627686},"size":3.630089282989502,"orthographic":false}