{"cameraMode":{"drawMode":0,"name":"Shaded","section":"Shading Mode"},"sceneLighting":false,"audioPlay":false,"sceneViewState":{"m_AlwaysRefresh":false,"showFog":true,"showSkybox":false,"showFlares":true,"showImageEffects":true,"showParticleSystems":true,"showVisualEffectGraphs":true,"m_FxEnabled":true},"in2DMode":false,"pivot":{"x":147.37847900390626,"y":720.9511108398438,"z":-115.04171752929688},"rotation":{"x":-0.00568949431180954,"y":0.01831125281751156,"z":0.00010102932719746605,"w":0.9998328685760498},"size":159.91859436035157,"orthographic":false}